เลขประจำตัว,บัตรประชาชน,ชื่อเล่น,วันเกิด,คะแนนก่อนเรียน,คะแนนหลังเรียน,งาน1,งาน2,งาน3,q1,q2,q3,q4,q5
26501,3027084606534,มายด์,2010-01-01,12,14,8,9,3,1,4,3,3,3
26502,7510342971584,บีม,2010-02-07,20,26,9,7,7,4,4,4,4,4
26503,2767315648534,กาย,2010-09-03,21,23,7,7,6,2,3,3,2,3
26504,4059542951453,ปลื้ม,2010-01-12,21,25,9,8,8,3,3,3,3,3
26505,2852398684414,เฟิร์น,2010-11-06,,17,7,7,7,3,3,3,4,3
26506,2648965724491,แพรว,2010-03-24,10,17,7,8,5,5,3,3,4,4
26507,7984772139370,ภูมิ,2011-01-02,16,20,8,9,5,3,2,4,4,3
26508,8554586360497,เนย,2010-02-22,13,19,8,9,4,4,5,3,3,3
26509,6085337690743,ออม,2010-04-28,14,19,10,9,4,4,4,4,4,3
26510,8444906075934,ต้น,2011-05-15,13,17,10,5,2,5,5,5,4,5
26511,5603412955511,ไอซ์,2010-12-14,13,17,9,9,7,4,4,4,5,4
26512,2881509014259,ฟ้า,2010-12-02,17,25,8,9,4,4,4,3,4,4
26513,2810620531567,น้ำ,2011-03-11,22,30,8,,6,5,4,5,5,4
26514,5716606286039,ขวัญ,2010-12-18,13,18,9,9,8,2,3,4,3,3
26515,8554340527051,เจเจ,2011-02-26,12,20,8,10,5,4,4,4,3,3
26516,3087795931540,บอส,2010-10-09,15,20,9,8,5,4,5,4,4,4
26517,1876313296371,กัน,2010-10-19,19,23,6,9,4,4,3,4,3,4
26518,2701337820601,พลอย,2011-06-17,14,18,8,7,6,5,4,4,4,4
26519,4049432091450,มิ้นท์,2010-01-09,12,16,10,9,8,4,4,4,4,5
26520,4342510552074,แบม,2011-05-13,14,17,9,10,4,4,5,5,4,4
26521,7456386063671,เอิร์ธ,2010-10-17,23,30,8,6,6,4,2,3,2,3
26522,4259896103438,โฟกัส,2011-12-18,17,,6,8,6,3,3,3,2,5
26523,1065866071795,ตังเม,2011-04-11,19,24,8,7,4,4,3,4,4,3
26524,5617621667171,ข้าวหอม,2010-11-08,22,26,9,8,6,4,4,3,4,3
26525,6835349793731,ปั้น,2011-04-05,18,20,8,10,3,3,4,3,4,3
26526,7074726684296,กิ๊ฟ,2010-06-09,18,23,7,7,6,4,3,2,3,3
26527,2147667467817,นุ่น,2011-06-27,13,19,6,8,4,4,4,5,5,5
26528,8404978005274,เตย,2011-02-21,18,26,10,8,6,4,4,4,3,4
26529,8442745424868,บุ๋ม,2010-05-10,11,15,7,9,5,3,3,4,2,4
26530,6351269581411,แม็ค,2011-01-20,9,15,7,7,7,3,3,3,3,3
26531,7714588001486,โอ๊ต,2011-04-01,14,22,8,8,,3,2,3,2,3
26532,7986906366709,จูน,2011-08-06,12,20,7,9,6,4,4,4,4,4
26533,6809807739839,แพท,2010-10-02,16,23,8,10,3,4,5,3,4,4
26534,6952623496243,เมย์,2010-01-15,15,18,8,6,4,3,4,4,3,4
26535,7516216723301,ไนซ์,2010-07-07,22,27,6,7,6,3,3,3,4,2
26536,8070907409631,ดรีม,2010-02-12,15,21,,9,8,3,3,3,3,3
26537,4532791295931,พีช,2010-09-25,21,24,8,9,4,4,3,2,4,3
26538,4902839765581,ก้อง,2010-11-11,14,20,8,7,7,2,2,2,3,2
26539,5935125649221,มุก,2011-08-17,17,18,9,5,7,4,4,5,4,4
26540,3487720522029,เบล,2011-06-11,15,21,5,8,7,2,4,5,4,4
